epoch,time,train/box_loss,train/cls_loss,train/dfl_loss,metrics/precision(B),metrics/recall(B),metrics/mAP50(B),metrics/mAP50-95(B),val/box_loss,val/cls_loss,val/dfl_loss,lr/pg0,lr/pg1,lr/pg2
1,100.865,2.25057,1.27801,0.86407,0.81464,0.49805,0.61325,0.30785,1.97578,1.08738,0.79678,3.24324e-05,3.24324e-05,0.0001
2,196.661,2.19058,1.21312,0.86064,0.80793,0.49664,0.61144,0.30678,1.97473,1.0934,0.7953,6.55053e-05,6.55053e-05,9.97396e-05
3,303.954,2.31775,1.2485,0.82685,0.80369,0.49563,0.61131,0.31039,1.94057,1.10253,0.79295,9.83142e-05,9.83142e-05,9.92151e-05
4,403.193,2.22916,1.22048,0.8616,0.79902,0.49141,0.6083,0.31341,1.89467,1.12394,0.78924,9.8812e-05,9.8812e-05,9.8812e-05
5,507.579,2.31013,1.22521,0.83319,0.7979,0.49025,0.60732,0.31494,1.88686,1.12937,0.78869,9.8416e-05,9.8416e-05,9.8416e-05
6,614.177,2.36404,1.23183,0.82286,0.80196,0.49139,0.60886,0.31665,1.8774,1.12303,0.78833,9.802e-05,9.802e-05,9.802e-05
7,719.749,2.14405,1.19551,0.85212,0.80794,0.49404,0.61538,0.32146,1.86697,1.12043,0.78849,9.7624e-05,9.7624e-05,9.7624e-05
8,826.313,2.31109,1.23375,0.84587,0.8105,0.49557,0.61657,0.32192,1.87048,1.12019,0.78866,9.7228e-05,9.7228e-05,9.7228e-05
9,933.008,2.28647,1.21598,0.84215,0.81258,0.496,0.61696,0.32161,1.88787,1.10745,0.78999,9.6832e-05,9.6832e-05,9.6832e-05
10,1034.13,2.16682,1.19222,0.84952,0.8099,0.49511,0.61633,0.32049,1.88439,1.10827,0.78991,9.6436e-05,9.6436e-05,9.6436e-05
11,1140.76,2.25497,1.20813,0.83372,0.80826,0.49559,0.61584,0.32249,1.89007,1.10197,0.79018,9.604e-05,9.604e-05,9.604e-05
12,1238.76,2.19607,1.16731,0.83439,0.81141,0.49664,0.61757,0.32417,1.89721,1.09163,0.79049,9.5644e-05,9.5644e-05,9.5644e-05
13,1340.99,2.32832,1.21811,0.83693,0.80859,0.4976,0.61667,0.32426,1.90424,1.08564,0.79032,9.5248e-05,9.5248e-05,9.5248e-05
14,1440.3,2.17236,1.15471,0.83948,0.8098,0.49675,0.61674,0.3246,1.90157,1.08635,0.79037,9.4852e-05,9.4852e-05,9.4852e-05
15,1538.64,2.27331,1.23245,0.84934,0.8075,0.496,0.61563,0.3245,1.89502,1.08766,0.79039,9.4456e-05,9.4456e-05,9.4456e-05
16,1634.92,2.28281,1.18775,0.83166,0.80884,0.49602,0.61574,0.32463,1.89047,1.08696,0.79066,9.406e-05,9.406e-05,9.406e-05
17,1734.25,2.26882,1.16793,0.82336,0.81162,0.49737,0.61839,0.32504,1.89174,1.08407,0.79128,9.3664e-05,9.3664e-05,9.3664e-05
18,1824.67,2.11336,1.15756,0.8515,0.81261,0.49862,0.61983,0.3233,1.90893,1.08099,0.79223,9.3268e-05,9.3268e-05,9.3268e-05
19,1918.31,2.15309,1.16867,0.83899,0.81287,0.49833,0.62028,0.3228,1.90851,1.08292,0.79219,9.2872e-05,9.2872e-05,9.2872e-05
20,2011.14,2.09329,1.14802,0.84541,0.81236,0.49805,0.6201,0.3239,1.90515,1.08321,0.7915,9.2476e-05,9.2476e-05,9.2476e-05
21,2108.63,2.22527,1.17369,0.82421,0.81188,0.49884,0.6204,0.32377,1.91023,1.07981,0.79148,9.208e-05,9.208e-05,9.208e-05
22,2204.06,2.18691,1.1483,0.8333,0.81281,0.49839,0.61993,0.32231,1.9224,1.07897,0.79222,9.1684e-05,9.1684e-05,9.1684e-05
23,2297.48,2.17893,1.1589,0.8514,0.81323,0.49935,0.62032,0.32288,1.92875,1.07155,0.79396,9.1288e-05,9.1288e-05,9.1288e-05
24,2388.79,2.2364,1.18993,0.83781,0.81207,0.49929,0.62019,0.32279,1.92403,1.07621,0.79331,9.0892e-05,9.0892e-05,9.0892e-05
25,2482.77,2.15849,1.15165,0.83147,0.81212,0.49889,0.61985,0.32337,1.91877,1.07053,0.79326,9.0496e-05,9.0496e-05,9.0496e-05
26,2580.83,2.24958,1.17837,0.83702,0.81399,0.50082,0.62244,0.32302,1.92544,1.07107,0.79356,9.01e-05,9.01e-05,9.01e-05
27,2682.03,2.22924,1.16362,0.82637,0.81368,0.50003,0.62189,0.32209,1.93486,1.06899,0.79465,8.9704e-05,8.9704e-05,8.9704e-05
28,2774.62,2.13969,1.13653,0.83792,0.81628,0.49997,0.62224,0.32322,1.93507,1.06278,0.79552,8.9308e-05,8.9308e-05,8.9308e-05
29,2871.03,2.24455,1.19694,0.83896,0.81402,0.49701,0.61928,0.32472,1.90695,1.06631,0.79465,8.8912e-05,8.8912e-05,8.8912e-05
30,2966.05,2.14858,1.14489,0.8419,0.8121,0.4964,0.61815,0.3251,1.90152,1.06745,0.79406,8.8516e-05,8.8516e-05,8.8516e-05
31,3064.89,2.25703,1.18379,0.82678,0.81128,0.49653,0.61854,0.32539,1.8947,1.07244,0.79261,8.812e-05,8.812e-05,8.812e-05
32,3158.09,2.18903,1.12581,0.82447,0.81009,0.49698,0.61819,0.3256,1.8913,1.07103,0.79188,8.7724e-05,8.7724e-05,8.7724e-05
33,3255.68,2.23311,1.18375,0.8354,0.81171,0.49647,0.61876,0.32555,1.89276,1.06984,0.79167,8.7328e-05,8.7328e-05,8.7328e-05
34,3350.62,2.20346,1.14833,0.82438,0.81251,0.49726,0.61953,0.32521,1.89792,1.06976,0.7915,8.6932e-05,8.6932e-05,8.6932e-05
35,3443.78,2.13398,1.18484,0.85112,0.81313,0.49743,0.62021,0.32437,1.90022,1.07268,0.79141,8.6536e-05,8.6536e-05,8.6536e-05
36,3546.84,2.20358,1.15449,0.82331,0.81593,0.4985,0.62133,0.32523,1.90457,1.06827,0.79188,8.614e-05,8.614e-05,8.614e-05
37,3643.67,2.13939,1.10187,0.81712,0.81863,0.50088,0.62364,0.32631,1.9136,1.06305,0.79282,8.5744e-05,8.5744e-05,8.5744e-05
38,3744.78,2.22893,1.15838,0.84361,0.81874,0.50143,0.6243,0.32486,1.92916,1.06388,0.79304,8.5348e-05,8.5348e-05,8.5348e-05
39,3839.47,2.17978,1.15946,0.84773,0.81475,0.49895,0.62107,0.32271,1.92544,1.06704,0.793,8.4952e-05,8.4952e-05,8.4952e-05
40,3938.05,2.22589,1.17589,0.85304,0.81531,0.4988,0.62181,0.32457,1.9159,1.06704,0.79241,8.4556e-05,8.4556e-05,8.4556e-05
41,4037.09,2.25102,1.15576,0.82663,0.81572,0.4974,0.62146,0.3251,1.90629,1.06923,0.79159,8.416e-05,8.416e-05,8.416e-05
42,4131.16,2.14207,1.16702,0.83197,0.81378,0.49819,0.62087,0.32391,1.90956,1.07152,0.79193,8.3764e-05,8.3764e-05,8.3764e-05
43,4226.64,2.17173,1.14856,0.83102,0.81635,0.49986,0.62276,0.32317,1.92207,1.0646,0.79265,8.3368e-05,8.3368e-05,8.3368e-05
44,4327.5,2.27339,1.15152,0.82513,0.81387,0.50025,0.62243,0.32317,1.92414,1.06699,0.79213,8.2972e-05,8.2972e-05,8.2972e-05
45,4421.97,2.24522,1.17135,0.82706,0.81091,0.49828,0.62035,0.32551,1.89565,1.07179,0.79046,8.2576e-05,8.2576e-05,8.2576e-05
46,4521.04,2.1875,1.14219,0.82415,0.81146,0.49772,0.62025,0.32589,1.8936,1.06867,0.7913,8.218e-05,8.218e-05,8.218e-05
47,4616.44,2.19834,1.15317,0.8285,0.81286,0.49805,0.62065,0.32525,1.90357,1.06935,0.79254,8.1784e-05,8.1784e-05,8.1784e-05
48,4713.89,2.16467,1.15718,0.84847,0.81328,0.49975,0.62187,0.3246,1.91733,1.06764,0.79364,8.1388e-05,8.1388e-05,8.1388e-05
49,4809.95,2.23725,1.13578,0.8239,0.81711,0.50102,0.62422,0.32355,1.93738,1.0622,0.79479,8.0992e-05,8.0992e-05,8.0992e-05
50,4908.15,2.24649,1.1411,0.81928,0.81324,0.49939,0.62165,0.32399,1.91666,1.06737,0.79291,8.0596e-05,8.0596e-05,8.0596e-05
51,5005.44,2.13534,1.14432,0.84186,0.8101,0.49453,0.61747,0.32395,1.88957,1.07843,0.79162,8.02e-05,8.02e-05,8.02e-05
52,5099.01,2.12274,1.12146,0.83181,0.81152,0.49444,0.61767,0.32545,1.88343,1.07464,0.79149,7.9804e-05,7.9804e-05,7.9804e-05
53,5196.44,2.17526,1.13799,0.82962,0.81145,0.49811,0.62043,0.32664,1.88762,1.07199,0.79111,7.9408e-05,7.9408e-05,7.9408e-05
54,5290.82,2.08784,1.10397,0.82467,0.81559,0.49986,0.62282,0.32592,1.90492,1.06369,0.79202,7.9012e-05,7.9012e-05,7.9012e-05
55,5388.02,2.22243,1.15928,0.83556,0.81449,0.49969,0.62269,0.32704,1.89972,1.06296,0.79081,7.8616e-05,7.8616e-05,7.8616e-05
56,5497.79,2.1559,1.11885,0.8106,0.81263,0.49879,0.62117,0.32743,1.88521,1.06454,0.78964,7.822e-05,7.822e-05,7.822e-05
57,5605.52,2.24757,1.18816,0.82794,0.81324,0.49915,0.62139,0.32693,1.88455,1.06382,0.78962,7.7824e-05,7.7824e-05,7.7824e-05
58,5714.15,2.20343,1.13769,0.83337,0.81628,0.50054,0.62264,0.32671,1.89869,1.05982,0.79142,7.7428e-05,7.7428e-05,7.7428e-05
59,5816.07,2.22637,1.17193,0.8332,0.81814,0.50059,0.6238,0.32645,1.90454,1.06021,0.79225,7.7032e-05,7.7032e-05,7.7032e-05
60,5921.43,2.22769,1.13073,0.82882,0.81652,0.50088,0.6228,0.32477,1.903,1.06225,0.79218,7.6636e-05,7.6636e-05,7.6636e-05
61,6026.7,2.18134,1.14672,0.82582,0.81531,0.49873,0.62117,0.32685,1.88271,1.06935,0.79094,7.624e-05,7.624e-05,7.624e-05
62,6130.97,2.24111,1.14795,0.82827,0.81442,0.49583,0.61956,0.32616,1.87658,1.0741,0.79084,7.5844e-05,7.5844e-05,7.5844e-05
63,6232.38,2.28069,1.16598,0.83295,0.81571,0.49698,0.62088,0.32783,1.87392,1.07308,0.79096,7.5448e-05,7.5448e-05,7.5448e-05
64,6331.41,2.16561,1.13423,0.82182,0.82016,0.50065,0.62469,0.32865,1.88634,1.06802,0.79157,7.5052e-05,7.5052e-05,7.5052e-05
65,6426,2.19806,1.126,0.82045,0.82071,0.50234,0.62529,0.32272,1.94922,1.05785,0.79608,7.4656e-05,7.4656e-05,7.4656e-05
66,6522.3,2.26075,1.15451,0.82499,0.82064,0.50121,0.62482,0.3214,1.95503,1.06119,0.79583,7.426e-05,7.426e-05,7.426e-05
67,6620.71,2.15278,1.09879,0.81304,0.81882,0.50042,0.62356,0.32526,1.91195,1.06352,0.79308,7.3864e-05,7.3864e-05,7.3864e-05
68,6711.45,2.19232,1.13508,0.82704,0.81146,0.49449,0.61674,0.32523,1.8835,1.07212,0.7903,7.3468e-05,7.3468e-05,7.3468e-05
69,6802.36,2.16375,1.13143,0.82697,0.80858,0.49397,0.61392,0.32262,1.89027,1.07411,0.79048,7.3072e-05,7.3072e-05,7.3072e-05
70,6901.13,2.2086,1.15804,0.83356,0.81118,0.49551,0.61598,0.32317,1.89467,1.0658,0.79049,7.2676e-05,7.2676e-05,7.2676e-05
71,6997.21,2.22382,1.12849,0.82735,0.81826,0.50133,0.62347,0.32438,1.92276,1.05636,0.79173,7.228e-05,7.228e-05,7.228e-05
72,7093.88,2.18395,1.13001,0.83104,0.81851,0.5009,0.62378,0.32559,1.92244,1.05398,0.79262,7.1884e-05,7.1884e-05,7.1884e-05
73,7187.15,2.17729,1.13971,0.8276,0.81762,0.49975,0.62305,0.32675,1.90566,1.05742,0.79081,7.1488e-05,7.1488e-05,7.1488e-05
74,7280.45,2.12637,1.14243,0.84,0.81485,0.49924,0.62199,0.32798,1.88946,1.06145,0.79056,7.1092e-05,7.1092e-05,7.1092e-05
75,7379.31,2.13421,1.09548,0.81567,0.81488,0.50008,0.62219,0.32888,1.88421,1.05938,0.7904,7.0696e-05,7.0696e-05,7.0696e-05
76,7487,2.09026,1.11231,0.82293,0.81548,0.50127,0.62193,0.32724,1.88814,1.06093,0.7909,7.03e-05,7.03e-05,7.03e-05
77,7584.63,2.13178,1.1095,0.81976,0.81601,0.50135,0.6224,0.32586,1.89633,1.06199,0.79083,6.9904e-05,6.9904e-05,6.9904e-05
78,7685.37,2.13979,1.12689,0.8271,0.81434,0.50054,0.62183,0.32558,1.89381,1.06186,0.79125,6.9508e-05,6.9508e-05,6.9508e-05
79,7785.59,2.08034,1.12128,0.83587,0.81274,0.49799,0.62087,0.32633,1.88449,1.06473,0.79099,6.9112e-05,6.9112e-05,6.9112e-05
80,7890.43,2.08573,1.10632,0.83643,0.81421,0.49873,0.62201,0.32712,1.88045,1.06653,0.7909,6.8716e-05,6.8716e-05,6.8716e-05
81,7985.62,2.04202,1.10806,0.83607,0.81458,0.49828,0.62183,0.32735,1.87589,1.06836,0.79042,6.832e-05,6.832e-05,6.832e-05
82,8083.27,2.0359,1.08772,0.8271,0.81238,0.49805,0.62018,0.32732,1.873,1.06752,0.79016,6.7924e-05,6.7924e-05,6.7924e-05
83,8185.02,2.13062,1.15034,0.82942,0.81268,0.49828,0.61932,0.32782,1.86881,1.06864,0.78935,6.7528e-05,6.7528e-05,6.7528e-05
84,8287.08,2.22158,1.13743,0.83287,0.81552,0.49958,0.62096,0.3288,1.87521,1.0617,0.78991,6.7132e-05,6.7132e-05,6.7132e-05
85,8387.61,2.1009,1.11251,0.82129,0.81719,0.49986,0.62202,0.32926,1.87785,1.06101,0.78984,6.6736e-05,6.6736e-05,6.6736e-05
86,8489.46,2.15706,1.11418,0.82389,0.81826,0.5002,0.62236,0.32889,1.88861,1.05942,0.79087,6.634e-05,6.634e-05,6.634e-05
87,8594.4,2.18862,1.1199,0.8285,0.82091,0.50057,0.62372,0.32839,1.90104,1.057,0.79204,6.5944e-05,6.5944e-05,6.5944e-05
88,8691.54,2.04995,1.10509,0.83256,0.8197,0.49946,0.62252,0.3286,1.89505,1.05703,0.79197,6.5548e-05,6.5548e-05,6.5548e-05
89,8787.9,2.15022,1.10671,0.82452,0.81841,0.4976,0.62029,0.32856,1.88143,1.06231,0.79143,6.5152e-05,6.5152e-05,6.5152e-05
90,8896.89,2.27916,1.14268,0.81403,0.81649,0.49918,0.6205,0.32992,1.87004,1.06055,0.79034,6.4756e-05,6.4756e-05,6.4756e-05
91,8997.56,2.15558,1.14295,0.82833,0.81606,0.49726,0.61896,0.32819,1.87327,1.0619,0.79106,6.436e-05,6.436e-05,6.436e-05
92,9101.42,2.12881,1.11428,0.82379,0.81715,0.49794,0.62042,0.32892,1.87499,1.06286,0.791,6.3964e-05,6.3964e-05,6.3964e-05
93,9204.48,2.10036,1.12003,0.8276,0.82312,0.50229,0.6252,0.32887,1.90472,1.05506,0.79267,6.3568e-05,6.3568e-05,6.3568e-05
94,9308.15,2.17165,1.16298,0.83946,0.8222,0.50218,0.62477,0.32713,1.91703,1.05308,0.79314,6.3172e-05,6.3172e-05,6.3172e-05
95,9412.61,2.12169,1.12948,0.82248,0.81947,0.50054,0.62349,0.32849,1.90127,1.05659,0.79187,6.2776e-05,6.2776e-05,6.2776e-05
96,9508.85,2.12079,1.12272,0.82902,0.8168,0.49782,0.62063,0.32818,1.88161,1.0623,0.79064,6.238e-05,6.238e-05,6.238e-05
97,9621.04,2.02292,1.11608,0.83758,0.81565,0.49788,0.62038,0.32807,1.87846,1.06412,0.79081,6.1984e-05,6.1984e-05,6.1984e-05
98,9743.01,2.20638,1.14886,0.828,0.81792,0.50045,0.62312,0.32765,1.88491,1.06261,0.79088,6.1588e-05,6.1588e-05,6.1588e-05
99,9852.51,2.08044,1.08459,0.82651,0.81923,0.50003,0.62389,0.32753,1.89196,1.06246,0.79173,6.1192e-05,6.1192e-05,6.1192e-05
100,9954.45,2.11093,1.11388,0.83635,0.81924,0.49941,0.62333,0.3283,1.88683,1.06193,0.79209,6.0796e-05,6.0796e-05,6.0796e-05
101,10058.4,2.14909,1.1415,0.83748,0.8166,0.49946,0.62192,0.32905,1.87632,1.06199,0.79084,6.04e-05,6.04e-05,6.04e-05
102,10153,2.14682,1.16771,0.82987,0.81543,0.49811,0.62029,0.32792,1.87281,1.06378,0.79067,6.0004e-05,6.0004e-05,6.0004e-05
103,10262.5,2.18934,1.12878,0.81471,0.81706,0.49907,0.62193,0.32926,1.87308,1.06228,0.79042,5.9608e-05,5.9608e-05,5.9608e-05
104,10398.3,2.20824,1.15581,0.82286,0.8198,0.50014,0.62244,0.32858,1.88569,1.05775,0.79169,5.9212e-05,5.9212e-05,5.9212e-05
105,10497.6,2.04064,1.10175,0.8289,0.81853,0.49945,0.6219,0.32869,1.87964,1.06075,0.79068,5.8816e-05,5.8816e-05,5.8816e-05
106,10604.4,2.15816,1.10144,0.80605,0.81534,0.49901,0.62087,0.32893,1.86668,1.06404,0.78981,5.842e-05,5.842e-05,5.842e-05
107,10706.3,2.16681,1.14766,0.83234,0.81405,0.49709,0.619,0.32729,1.87268,1.06482,0.79057,5.8024e-05,5.8024e-05,5.8024e-05
108,10802.3,2.08664,1.11885,0.8298,0.81388,0.49715,0.61897,0.32727,1.87328,1.06473,0.79088,5.7628e-05,5.7628e-05,5.7628e-05
109,10897.7,2.09715,1.10731,0.83887,0.81753,0.49887,0.62157,0.32803,1.88071,1.06287,0.79146,5.7232e-05,5.7232e-05,5.7232e-05
110,11000.2,2.05587,1.10829,0.83598,0.81753,0.50025,0.62269,0.3277,1.88823,1.06085,0.79205,5.6836e-05,5.6836e-05,5.6836e-05
111,11091.6,2.03424,1.09831,0.82083,0.81925,0.49981,0.62276,0.32772,1.8921,1.0594,0.79162,5.644e-05,5.644e-05,5.644e-05
112,11189.1,2.13319,1.08584,0.813,0.82122,0.50188,0.6247,0.32865,1.89453,1.05602,0.79187,5.6044e-05,5.6044e-05,5.6044e-05
113,11285.4,2.11802,1.09859,0.81288,0.81962,0.50134,0.62518,0.32942,1.89995,1.05481,0.79141,5.5648e-05,5.5648e-05,5.5648e-05
114,11382.2,2.09132,1.10486,0.82319,0.81851,0.5014,0.62466,0.32959,1.89301,1.056,0.79067,5.5252e-05,5.5252e-05,5.5252e-05
115,11479.1,2.11313,1.11552,0.83087,0.81869,0.49998,0.62336,0.32932,1.88728,1.05738,0.7904,5.4856e-05,5.4856e-05,5.4856e-05
116,11575.8,2.14702,1.09962,0.81251,0.8187,0.5002,0.62344,0.32865,1.88125,1.0589,0.79018,5.446e-05,5.446e-05,5.446e-05
117,11678.5,2.22659,1.14003,0.83048,0.81749,0.50027,0.62298,0.32796,1.88281,1.05852,0.79049,5.4064e-05,5.4064e-05,5.4064e-05
118,11777.2,2.12732,1.11199,0.83184,0.82029,0.50014,0.6226,0.32773,1.88547,1.05616,0.79141,5.3668e-05,5.3668e-05,5.3668e-05
119,11875.6,2.08238,1.07798,0.81807,0.81895,0.50036,0.62339,0.32835,1.88251,1.05795,0.79174,5.3272e-05,5.3272e-05,5.3272e-05
120,11972.4,2.26436,1.17859,0.81091,0.81685,0.5015,0.62311,0.32806,1.88106,1.05628,0.7911,5.2876e-05,5.2876e-05,5.2876e-05
121,12078.1,2.14492,1.11636,0.8155,0.81746,0.50059,0.62208,0.32884,1.8713,1.05812,0.79051,5.248e-05,5.248e-05,5.248e-05
122,12177.8,2.0395,1.09957,0.83254,0.81876,0.50155,0.62292,0.32884,1.8883,1.0561,0.79205,5.2084e-05,5.2084e-05,5.2084e-05
123,12269.2,1.94386,1.0972,0.84606,0.82018,0.50067,0.62305,0.32876,1.88916,1.05983,0.79275,5.1688e-05,5.1688e-05,5.1688e-05
124,12385.8,2.16465,1.12758,0.82634,0.82035,0.50082,0.62329,0.32984,1.88552,1.06189,0.79255,5.1292e-05,5.1292e-05,5.1292e-05
125,12504.6,2.17547,1.1221,0.82735,0.8173,0.49912,0.62118,0.32893,1.87411,1.06377,0.79132,5.0896e-05,5.0896e-05,5.0896e-05
126,12611.6,2.23618,1.12338,0.8158,0.81767,0.49833,0.61981,0.32986,1.87548,1.0607,0.79191,5.05e-05,5.05e-05,5.05e-05
127,12719.5,2.16897,1.11896,0.82641,0.81792,0.49873,0.62091,0.32945,1.87307,1.06156,0.79161,5.0104e-05,5.0104e-05,5.0104e-05
128,12823.1,2.14705,1.13391,0.82842,0.81735,0.50008,0.62204,0.32965,1.87807,1.05853,0.79135,4.9708e-05,4.9708e-05,4.9708e-05
129,13013.7,2.0803,1.0913,0.82307,0.81953,0.50031,0.62333,0.33046,1.88391,1.06238,0.79241,4.9312e-05,4.9312e-05,4.9312e-05
130,13204.9,2.02754,1.0832,0.82055,0.81806,0.49963,0.62219,0.32976,1.87519,1.06589,0.79079,4.8916e-05,4.8916e-05,4.8916e-05
131,13332.3,2.1209,1.09128,0.81545,0.81593,0.49946,0.62198,0.32987,1.87123,1.0682,0.79031,4.852e-05,4.852e-05,4.852e-05
132,13433.8,2.1403,1.12481,0.82038,0.81384,0.49941,0.62095,0.32962,1.86485,1.06659,0.79002,4.8124e-05,4.8124e-05,4.8124e-05
133,13540.5,2.1109,1.09065,0.82534,0.81664,0.50042,0.62224,0.32973,1.86965,1.06512,0.79072,4.7728e-05,4.7728e-05,4.7728e-05
134,13649.9,2.18779,1.14533,0.82781,0.81709,0.50042,0.62276,0.33013,1.87336,1.06727,0.79069,4.7332e-05,4.7332e-05,4.7332e-05
135,13763.5,2.12509,1.11202,0.8215,0.81678,0.49967,0.62192,0.32998,1.87178,1.06525,0.79016,4.6936e-05,4.6936e-05,4.6936e-05
136,13874.7,2.13026,1.1456,0.83528,0.81156,0.49873,0.61916,0.32827,1.86896,1.06669,0.78966,4.654e-05,4.654e-05,4.654e-05
137,14007.4,2.09277,1.13649,0.84397,0.81314,0.4988,0.61951,0.32863,1.86868,1.06472,0.78976,4.6144e-05,4.6144e-05,4.6144e-05
138,14111.9,2.09468,1.09684,0.83204,0.81782,0.50012,0.62203,0.32915,1.88038,1.06421,0.79138,4.5748e-05,4.5748e-05,4.5748e-05
139,14234.3,2.08252,1.07484,0.81362,0.81882,0.50189,0.62417,0.3292,1.8896,1.06125,0.79225,4.5352e-05,4.5352e-05,4.5352e-05
140,14340,2.1981,1.12355,0.8242,0.81982,0.50223,0.62469,0.32946,1.89449,1.05807,0.79193,4.4956e-05,4.4956e-05,4.4956e-05
141,14442.2,2.06591,1.11522,0.84163,0.81739,0.50144,0.62372,0.32948,1.8801,1.06149,0.79133,4.456e-05,4.456e-05,4.456e-05
142,14547.8,2.21524,1.14593,0.83099,0.81735,0.49975,0.62189,0.32994,1.87432,1.06329,0.79155,4.4164e-05,4.4164e-05,4.4164e-05
143,14651.7,2.13717,1.12326,0.82025,0.81501,0.49941,0.62112,0.3301,1.86425,1.06536,0.79067,4.3768e-05,4.3768e-05,4.3768e-05
144,14759.9,2.21081,1.14111,0.81982,0.81409,0.49921,0.62048,0.33012,1.85862,1.0664,0.78941,4.3372e-05,4.3372e-05,4.3372e-05
145,14863.3,2.06413,1.0952,0.83009,0.81483,0.49975,0.62067,0.3313,1.85983,1.06805,0.79074,4.2976e-05,4.2976e-05,4.2976e-05
146,14965.2,2.14524,1.12174,0.82327,0.81636,0.49992,0.62151,0.33191,1.85949,1.0696,0.7912,4.258e-05,4.258e-05,4.258e-05
147,15074.9,2.10165,1.12685,0.81955,0.81771,0.49997,0.62242,0.33193,1.8566,1.06943,0.79061,4.2184e-05,4.2184e-05,4.2184e-05
148,15177.8,2.10527,1.11372,0.83096,0.81879,0.50099,0.62423,0.33163,1.86928,1.07161,0.79148,4.1788e-05,4.1788e-05,4.1788e-05
149,15282.9,2.16374,1.10008,0.82009,0.82007,0.50076,0.62421,0.33117,1.87193,1.06839,0.79154,4.1392e-05,4.1392e-05,4.1392e-05
150,15388.6,2.03454,1.07869,0.81911,0.81893,0.50155,0.62438,0.33117,1.87309,1.06379,0.79173,4.0996e-05,4.0996e-05,4.0996e-05
151,15496.9,2.16658,1.13886,0.82558,0.81752,0.50184,0.62332,0.33055,1.8768,1.05758,0.79074,4.06e-05,4.06e-05,4.06e-05
152,15596.4,2.14349,1.12264,0.81222,0.81506,0.5011,0.62212,0.32973,1.87893,1.05652,0.79051,4.0204e-05,4.0204e-05,4.0204e-05
153,15712.1,2.13011,1.10475,0.81364,0.81719,0.50104,0.6222,0.32967,1.88392,1.05664,0.79119,3.9808e-05,3.9808e-05,3.9808e-05
154,15814.7,2.12516,1.11064,0.82826,0.81587,0.49929,0.62113,0.32961,1.87117,1.06574,0.79021,3.9412e-05,3.9412e-05,3.9412e-05
155,15947,2.12098,1.12011,0.82462,0.81526,0.49863,0.62106,0.32999,1.86759,1.06755,0.79008,3.9016e-05,3.9016e-05,3.9016e-05
156,16159.6,2.10725,1.08527,0.82081,0.81505,0.49866,0.62103,0.33046,1.86706,1.07214,0.79084,3.862e-05,3.862e-05,3.862e-05
157,16263.3,2.04657,1.08947,0.82272,0.81651,0.50002,0.62225,0.33126,1.87012,1.06523,0.79085,3.8224e-05,3.8224e-05,3.8224e-05
158,16372.4,2.20048,1.11755,0.81226,0.81541,0.50042,0.62222,0.33139,1.86934,1.06157,0.7902,3.7828e-05,3.7828e-05,3.7828e-05
159,16478.1,2.11247,1.10199,0.831,0.81794,0.50054,0.62219,0.3311,1.87599,1.05871,0.79116,3.7432e-05,3.7432e-05,3.7432e-05
160,16579.3,2.09766,1.1395,0.82455,0.81698,0.5011,0.62181,0.33087,1.87812,1.0543,0.79098,3.7036e-05,3.7036e-05,3.7036e-05
161,16692.4,2.19407,1.14442,0.8264,0.81816,0.50177,0.62226,0.33065,1.88432,1.05417,0.79145,3.664e-05,3.664e-05,3.664e-05
162,16794.8,2.19201,1.12197,0.81049,0.81989,0.50252,0.62377,0.3315,1.88246,1.0552,0.79076,3.6244e-05,3.6244e-05,3.6244e-05
163,16890.5,2.10018,1.12891,0.81961,0.82157,0.50255,0.62458,0.33194,1.88054,1.05761,0.79121,3.5848e-05,3.5848e-05,3.5848e-05
164,16994.3,2.11034,1.1052,0.82235,0.81989,0.50099,0.62281,0.33277,1.86744,1.06289,0.7911,3.5452e-05,3.5452e-05,3.5452e-05
165,17089.7,2.11726,1.10644,0.82241,0.81738,0.49969,0.62138,0.33182,1.85947,1.06464,0.79008,3.5056e-05,3.5056e-05,3.5056e-05
166,17189.2,2.18683,1.11965,0.8178,0.81844,0.49941,0.62156,0.33162,1.86176,1.06533,0.79051,3.466e-05,3.466e-05,3.466e-05
167,17284.7,2.11587,1.10925,0.82128,0.81829,0.50054,0.62225,0.33102,1.86322,1.06591,0.79074,3.4264e-05,3.4264e-05,3.4264e-05
168,17379.6,2.11478,1.10232,0.81747,0.81852,0.50121,0.62317,0.33065,1.86468,1.06221,0.79057,3.3868e-05,3.3868e-05,3.3868e-05
169,17471.1,1.97089,1.11195,0.8471,0.81825,0.50189,0.6238,0.33065,1.86885,1.05974,0.7906,3.3472e-05,3.3472e-05,3.3472e-05
170,17571.6,2.11869,1.11317,0.81674,0.81983,0.50172,0.62434,0.33189,1.8674,1.05925,0.7902,3.3076e-05,3.3076e-05,3.3076e-05
171,17668.5,2.05879,1.09645,0.82459,0.82061,0.50155,0.62357,0.33217,1.86432,1.05781,0.79029,3.268e-05,3.268e-05,3.268e-05
172,17769,2.17858,1.11022,0.81602,0.82034,0.50251,0.62432,0.33198,1.86502,1.05606,0.78977,3.2284e-05,3.2284e-05,3.2284e-05
173,17868.8,2.09213,1.10137,0.82146,0.81827,0.5011,0.62276,0.33223,1.86662,1.05572,0.79013,3.1888e-05,3.1888e-05,3.1888e-05
174,17966.6,2.13194,1.10865,0.81982,0.81873,0.50105,0.62283,0.33173,1.8724,1.05599,0.79018,3.1492e-05,3.1492e-05,3.1492e-05
175,18067.1,2.17423,1.11054,0.81814,0.82055,0.50217,0.62381,0.33208,1.87766,1.05393,0.79019,3.1096e-05,3.1096e-05,3.1096e-05
176,18169.8,2.16689,1.13054,0.82295,0.8202,0.50133,0.62355,0.33192,1.87795,1.05476,0.79013,3.07e-05,3.07e-05,3.07e-05
177,18272.8,2.09641,1.06805,0.80629,0.82005,0.50161,0.62349,0.33242,1.8706,1.05674,0.79007,3.0304e-05,3.0304e-05,3.0304e-05
178,18371.9,2.152,1.10505,0.81595,0.81887,0.50034,0.62196,0.33221,1.86919,1.05732,0.79033,2.9908e-05,2.9908e-05,2.9908e-05
179,18472.6,2.18929,1.10634,0.80801,0.81729,0.49969,0.62112,0.3323,1.86108,1.05875,0.78968,2.9512e-05,2.9512e-05,2.9512e-05
180,18571.4,2.05853,1.10576,0.82805,0.81841,0.50007,0.62197,0.33216,1.86334,1.06059,0.78954,2.9116e-05,2.9116e-05,2.9116e-05
181,18672.2,2.07407,1.09032,0.82592,0.82165,0.5018,0.62401,0.33252,1.86744,1.0578,0.78969,2.872e-05,2.872e-05,2.872e-05
182,18768.4,2.11713,1.10608,0.83069,0.82219,0.50234,0.62555,0.33259,1.87459,1.05874,0.79076,2.8324e-05,2.8324e-05,2.8324e-05
183,18865.5,2.13796,1.11862,0.82624,0.82144,0.50186,0.62486,0.3321,1.87568,1.05788,0.79066,2.7928e-05,2.7928e-05,2.7928e-05
184,18960.8,2.02768,1.07616,0.82469,0.81968,0.50127,0.62377,0.3321,1.87198,1.05705,0.79027,2.7532e-05,2.7532e-05,2.7532e-05
185,19061,2.14422,1.10913,0.81641,0.82057,0.50218,0.62459,0.33344,1.86889,1.05498,0.79026,2.7136e-05,2.7136e-05,2.7136e-05
186,19157.5,2.12126,1.1243,0.82691,0.81676,0.50088,0.6226,0.33279,1.86156,1.05935,0.7888,2.674e-05,2.674e-05,2.674e-05
187,19251.6,2.14045,1.12596,0.81698,0.8153,0.50054,0.62198,0.33208,1.85693,1.06436,0.78813,2.6344e-05,2.6344e-05,2.6344e-05
188,19347.7,2.09076,1.10798,0.81654,0.816,0.50037,0.62215,0.33264,1.85436,1.06451,0.78826,2.5948e-05,2.5948e-05,2.5948e-05
189,19446.1,2.04816,1.08162,0.81289,0.81812,0.5001,0.62271,0.33291,1.85592,1.06156,0.78907,2.5552e-05,2.5552e-05,2.5552e-05
190,19540.9,2.11426,1.09639,0.81354,0.81855,0.50029,0.62296,0.33323,1.8569,1.06198,0.78957,2.5156e-05,2.5156e-05,2.5156e-05
191,19632,2.09361,1.10011,0.82084,0.81906,0.50046,0.6229,0.33297,1.85596,1.06308,0.78975,2.476e-05,2.476e-05,2.476e-05
192,19727.8,2.13129,1.12243,0.83442,0.81934,0.49988,0.62241,0.33239,1.85692,1.06301,0.78998,2.4364e-05,2.4364e-05,2.4364e-05
193,19823.7,2.04856,1.10038,0.83686,0.81873,0.50038,0.62296,0.33285,1.85625,1.06201,0.79019,2.3968e-05,2.3968e-05,2.3968e-05
194,19922.4,2.13335,1.11032,0.81125,0.81947,0.50042,0.62326,0.33304,1.85622,1.06036,0.78967,2.3572e-05,2.3572e-05,2.3572e-05
195,20021,2.07681,1.08991,0.82515,0.82049,0.50003,0.62285,0.33323,1.85813,1.06089,0.79015,2.3176e-05,2.3176e-05,2.3176e-05
196,20121.6,2.15927,1.12154,0.81614,0.82081,0.50076,0.62429,0.33323,1.85744,1.05904,0.78959,2.278e-05,2.278e-05,2.278e-05
197,20216.2,2.07543,1.10173,0.83327,0.81932,0.49986,0.62263,0.33286,1.85416,1.0598,0.78941,2.2384e-05,2.2384e-05,2.2384e-05
198,20313.7,2.12194,1.07102,0.80216,0.81833,0.49992,0.62261,0.33304,1.85359,1.061,0.79025,2.1988e-05,2.1988e-05,2.1988e-05
199,20415.3,2.17348,1.13431,0.82584,0.81917,0.50071,0.62362,0.33313,1.85386,1.06019,0.78947,2.1592e-05,2.1592e-05,2.1592e-05
200,20513.2,2.09887,1.13653,0.82982,0.81971,0.50127,0.6236,0.33304,1.85542,1.06026,0.78942,2.1196e-05,2.1196e-05,2.1196e-05
201,20611.7,2.09012,1.10384,0.82088,0.81703,0.50059,0.6224,0.33223,1.85146,1.06361,0.78833,2.08e-05,2.08e-05,2.08e-05
202,20711,2.09533,1.09211,0.82052,0.81775,0.5002,0.62195,0.33298,1.85499,1.06122,0.78943,2.0404e-05,2.0404e-05,2.0404e-05
203,20806.6,2.04489,1.08542,0.81259,0.81742,0.5002,0.62232,0.3332,1.85236,1.06408,0.7894,2.0008e-05,2.0008e-05,2.0008e-05
204,20906.2,2.12036,1.10522,0.80773,0.8164,0.50093,0.62296,0.33312,1.84912,1.0644,0.7887,1.9612e-05,1.9612e-05,1.9612e-05
205,21008.3,2.05981,1.06396,0.8136,0.8181,0.50129,0.6235,0.33336,1.84992,1.06348,0.78864,1.9216e-05,1.9216e-05,1.9216e-05
206,21110.2,2.22994,1.16067,0.80591,0.81806,0.50142,0.62332,0.33263,1.85735,1.06145,0.78855,1.882e-05,1.882e-05,1.882e-05
207,21206.3,2.03958,1.08568,0.81783,0.82056,0.50234,0.62505,0.33329,1.86517,1.05822,0.78948,1.8424e-05,1.8424e-05,1.8424e-05
208,21308.6,2.18795,1.11535,0.81771,0.82049,0.50199,0.62461,0.3333,1.86214,1.05767,0.78957,1.8028e-05,1.8028e-05,1.8028e-05
209,21410.9,2.14917,1.12666,0.81648,0.82075,0.50195,0.62417,0.33312,1.86049,1.05751,0.78923,1.7632e-05,1.7632e-05,1.7632e-05
210,21504.7,2.05008,1.09572,0.8323,0.81909,0.50158,0.62357,0.33332,1.8537,1.06137,0.78891,1.7236e-05,1.7236e-05,1.7236e-05
211,21601,2.1393,1.12573,0.81744,0.81844,0.50116,0.62333,0.33316,1.85342,1.06108,0.78883,1.684e-05,1.684e-05,1.684e-05
212,21711.7,2.10836,1.09868,0.82112,0.81856,0.50081,0.62323,0.33415,1.85042,1.06232,0.78877,1.6444e-05,1.6444e-05,1.6444e-05
213,21820.8,2.18666,1.08755,0.80394,0.81801,0.50102,0.62256,0.33341,1.85183,1.06221,0.78902,1.6048e-05,1.6048e-05,1.6048e-05
214,21930.1,2.13114,1.10772,0.81614,0.81824,0.50126,0.62246,0.3331,1.85373,1.0606,0.78867,1.5652e-05,1.5652e-05,1.5652e-05
215,22044.5,2.17625,1.10513,0.80868,0.81822,0.50093,0.62267,0.33345,1.85774,1.05991,0.78952,1.5256e-05,1.5256e-05,1.5256e-05
216,22157.9,2.20218,1.13263,0.82651,0.81744,0.50116,0.62257,0.3331,1.85922,1.06116,0.78975,1.486e-05,1.486e-05,1.486e-05
217,22261.8,2.13669,1.12966,0.82758,0.8171,0.50099,0.62277,0.33273,1.85988,1.06071,0.79009,1.4464e-05,1.4464e-05,1.4464e-05
218,22368,2.17764,1.10945,0.80153,0.81617,0.50113,0.62221,0.33257,1.85219,1.06193,0.78874,1.4068e-05,1.4068e-05,1.4068e-05
219,22474.6,2.10706,1.08584,0.81462,0.81553,0.50075,0.62214,0.33279,1.85224,1.06105,0.78918,1.3672e-05,1.3672e-05,1.3672e-05
220,22574.9,2.13262,1.1079,0.82222,0.81659,0.50088,0.62263,0.33236,1.8567,1.06197,0.79029,1.3276e-05,1.3276e-05,1.3276e-05
221,22691.6,1.96473,1.07757,0.83565,0.8159,0.50148,0.62277,0.33215,1.85731,1.06136,0.79048,1.288e-05,1.288e-05,1.288e-05
222,22822.5,2.15049,1.08361,0.81289,0.8166,0.50127,0.62313,0.33274,1.8525,1.0633,0.79004,1.2484e-05,1.2484e-05,1.2484e-05
223,23086.6,2.05152,1.10113,0.82458,0.81645,0.50083,0.62265,0.33279,1.85054,1.06479,0.78979,1.2088e-05,1.2088e-05,1.2088e-05
224,23361.5,2.17923,1.13988,0.82583,0.8168,0.50105,0.62284,0.33332,1.85354,1.0624,0.79014,1.1692e-05,1.1692e-05,1.1692e-05
225,23508.1,2.13836,1.09827,0.81055,0.81755,0.50054,0.62241,0.33287,1.85412,1.06349,0.79036,1.1296e-05,1.1296e-05,1.1296e-05
226,23625.5,2.10147,1.11373,0.82861,0.81861,0.50105,0.62342,0.33337,1.853,1.06206,0.79021,1.09e-05,1.09e-05,1.09e-05
227,23742.9,2.12519,1.11453,0.82303,0.8192,0.50133,0.62384,0.33367,1.85301,1.06231,0.78995,1.0504e-05,1.0504e-05,1.0504e-05
228,23853.8,2.09897,1.11702,0.82783,0.81836,0.50099,0.62347,0.33386,1.85384,1.06372,0.78986,1.0108e-05,1.0108e-05,1.0108e-05
229,23955.7,2.0344,1.05868,0.80899,0.81786,0.5005,0.62302,0.33372,1.85158,1.06443,0.78974,9.712e-06,9.712e-06,9.712e-06
230,24275,2.04535,1.06761,0.80893,0.8167,0.50025,0.62259,0.33328,1.84953,1.06491,0.78987,9.316e-06,9.316e-06,9.316e-06
231,24580,2.08008,1.0901,0.82,0.8161,0.50042,0.62164,0.3328,1.84803,1.06682,0.78922,8.92e-06,8.92e-06,8.92e-06
232,24839.1,2.1273,1.09362,0.81347,0.81717,0.50014,0.62157,0.33311,1.84906,1.06436,0.78954,8.524e-06,8.524e-06,8.524e-06
233,25097.9,1.94584,1.07479,0.83182,0.81658,0.5,0.62135,0.33315,1.84887,1.06385,0.78951,8.128e-06,8.128e-06,8.128e-06
234,25391.7,2.12767,1.07154,0.81506,0.81778,0.50065,0.62239,0.333,1.85195,1.06314,0.78972,7.732e-06,7.732e-06,7.732e-06
235,25706.1,2.08472,1.07972,0.81598,0.81642,0.50042,0.62214,0.33315,1.85443,1.06024,0.79044,7.336e-06,7.336e-06,7.336e-06
236,26084.6,2.15242,1.114,0.81438,0.81762,0.50071,0.62254,0.33343,1.85381,1.0591,0.7891,6.94e-06,6.94e-06,6.94e-06
237,26243.7,2.08326,1.13091,0.83717,0.81665,0.50127,0.62306,0.33273,1.85601,1.06188,0.7889,6.544e-06,6.544e-06,6.544e-06
238,26548,2.23034,1.14366,0.81692,0.81866,0.50142,0.62309,0.33274,1.85902,1.05945,0.78904,6.148e-06,6.148e-06,6.148e-06
239,26662.9,2.08176,1.07272,0.81392,0.81835,0.50113,0.62274,0.33277,1.85725,1.06022,0.78929,5.752e-06,5.752e-06,5.752e-06
240,26772.3,2.06193,1.10337,0.83077,0.81912,0.50155,0.62338,0.33286,1.85913,1.06048,0.78944,5.356e-06,5.356e-06,5.356e-06
241,26855.5,1.94082,1.15749,0.82837,0.81453,0.50223,0.62358,0.33187,1.8533,1.07022,0.78786,4.96e-06,4.96e-06,4.96e-06
242,26938.2,1.9291,1.12893,0.82798,0.81223,0.49941,0.62121,0.32923,1.85496,1.08314,0.78714,4.564e-06,4.564e-06,4.564e-06
243,27020.7,1.78666,1.11619,0.84512,0.81193,0.49851,0.62016,0.32854,1.85884,1.08375,0.78808,4.168e-06,4.168e-06,4.168e-06
244,27098,1.79508,1.13138,0.8489,0.8116,0.49865,0.62031,0.32816,1.8606,1.08774,0.78805,3.772e-06,3.772e-06,3.772e-06
245,27175.3,1.91818,1.17711,0.83687,0.81068,0.49879,0.62036,0.32787,1.86109,1.08783,0.78786,3.376e-06,3.376e-06,3.376e-06
246,27252.6,1.8918,1.13291,0.83823,0.81254,0.5002,0.62239,0.32943,1.86119,1.08228,0.78774,2.98e-06,2.98e-06,2.98e-06
247,27329.6,1.91121,1.17459,0.84571,0.81133,0.49971,0.62188,0.32891,1.86359,1.08238,0.78798,2.584e-06,2.584e-06,2.584e-06
248,27406,1.86797,1.1081,0.83381,0.81219,0.49997,0.62158,0.32906,1.86321,1.08243,0.78781,2.188e-06,2.188e-06,2.188e-06
249,27485.9,1.96009,1.16018,0.82787,0.81326,0.50121,0.62324,0.32921,1.86886,1.08552,0.78751,1.792e-06,1.792e-06,1.792e-06
250,27564.4,1.90104,1.12502,0.83429,0.8147,0.50126,0.62365,0.32935,1.87062,1.07764,0.78797,1.396e-06,1.396e-06,1.396e-06
